<?xml version="1.0" encoding="UTF-8"?>
<!DOCTYPE generatorConfiguration PUBLIC "-//mybatis.org//DTD MyBatis Generator Configuration 1.0//EN" "http://mybatis.org/dtd/mybatis-generator-config_1_0.dtd">
<generatorConfiguration>
    <!-- 数据库驱动包位置 -->
    <classPathEntry location="" />

    <context id="sqlGenerate" targetRuntime="MyBatis3">
        <!-- 是否去除自动生成的注释 true：是 ： false:否 -->
        <commentGenerator>
            <property name="suppressAllComments" value="true" />
        </commentGenerator>

        <!-- 数据库链接URL、用户名、密码 -->
        <jdbcConnection driverClass="com.mysql.jdbc.Driver"
            connectionURL=""
            userId="" password="">
        </jdbcConnection>

         <!-- 默认false，把JDBC DECIMAL 和 NUMERIC 类型解析为 Integer;
         为 true时把JDBC DECIMAL和NUMERIC类型解析为java.math.BigDecimal -->
        <javaTypeResolver>
            <property name="forceBigDecimals" value="false" />
        </javaTypeResolver>

        <!-- 生成Pojo包名和位置 -->
        <javaModelGenerator targetPackage=""
            targetProject="">
            <!-- enableSubPackages:是否让schema作为包的后缀 -->
            <property name="enableSubPackages" value="true" />
            <!-- 清理前后的空格 -->
            <property name="trimStrings" value="true" />
        </javaModelGenerator>

        <!-- 生成Mapper映射XML文件位置 -->
        <sqlMapGenerator targetPackage=""
            targetProject="">
            <property name="enableSubPackages" value="true" />
        </sqlMapGenerator>

        <!-- 生成Mapper接口文件位置 -->
        <javaClientGenerator type="XMLMAPPER"
            targetPackage="" targetProject="">
            <property name="enableSubPackages" value="true" />
        </javaClientGenerator>

        <!-- 要生成哪些表(更改tableName和domainObjectName就可以) -->
        <!-- tableName:要生成的表名
        domainObjectName:生成后的实例名
        enableCountByExample:Count语句中加入where条件查询，默认为true开启
        enableUpdateByExample:Update语句中加入where条件查询，默认为true开启
        enableDeleteByExample:Delete语句中加入where条件查询，默认为true开启
        enableSelectByExample:Select多条语句中加入where条件查询，默认为true开启
        selectByExampleQueryId:Select单个对象语句中加入where条件查询，默认为true开启
        -->
        <table tableName="user" domainObjectName="User"/>
    </context>
</generatorConfiguration>